
{
	"title": "Inducts for the day",
	"container": [{
			"leftLayout": {
				"position": "ltr",
				"components": [{
						"chartName": "circular guage",
						"options": {
								"guageBGColor": "#870038"								
						}
						
					}]
			},
			"rightLayout": {
				"position": "rtl",
				"components": [{
						"componentTop": {
							"options": {
								"goalValue": "23400",
								"goalFontColor": "#4ac576"
								
							}
						},
						"componentBottom": {
							"chartName": "Line chart",
							"options": {
								"chartLabel": "Last 10 days",
								"chartBGColor": "#870038"
								
							}
						}
					}]
			}
		}]
}

